{"data":{"site":{"siteMetadata":{"title":"Gatsby Default Starter"}},"allCategory":{"edges":[{"node":{"grand_child":[{"id":4,"name":"Blue Gloves"},{"id":66,"name":"White Gloves"},{"id":69,"name":"Red Gloves"},{"id":72,"name":"Yellow Gloves"}],"id":"3","name":"Gloves","image":"http://15.207.190.73/proqmed//pub/media/catalog/tmp/category/1_1.png"}},{"node":{"grand_child":[{"id":18,"name":"Vaccine carrier box"},{"id":19,"name":"Cold box"},{"id":20,"name":"Ice Box"},{"id":74,"name":"Hot Box"}],"id":"17","name":"Cold chain equipment","image":"http://15.207.190.73/proqmed//pub/media/catalog/tmp/category/2_1.png"}},{"node":{"grand_child":[{"id":27,"name":"Forceps"},{"id":28,"name":"Scissors"},{"id":29,"name":"Scalpel Handle"},{"id":30,"name":"Skin Hooks"},{"id":31,"name":"Snares"}],"id":"26","name":"Surgical  Instruments","image":"http://15.207.190.73/proqmed//pub/media/catalog/tmp/category/surg.jpg"}},{"node":{"grand_child":[{"id":22,"name":"General Surgery & Oncology"},{"id":23,"name":"Transfusion"},{"id":24,"name":"Urology"},{"id":25,"name":"Cardiac Care"}],"id":"21","name":"Medical Disposable","image":"http://15.207.190.73/proqmed//pub/media/catalog/tmp/category/dispose.jpg"}},{"node":{"grand_child":[{"id":79,"name":"Medical Testing Sub Category"},{"id":81,"name":"Medical-02"},{"id":82,"name":"Medical-04"}],"id":"78","name":"Medical Testing Products","image":"http://15.207.190.73/proqmed//pub/media/catalog/tmp/category/cold_box_cat_1.jpg"}},{"node":{"grand_child":[{"id":33,"name":"Artificial Resuscitator"},{"id":34,"name":"Laryngoscope Set"},{"id":35,"name":"Mouth Opener"},{"id":36,"name":"Anesthesia Machine"},{"id":37,"name":"Rebreathing Bags"}],"id":"32","name":"Anaesthesia Equipments & Products","image":"http://15.207.190.73/proqmed/"}}]}}}