{"data":{"allCategory":{"edges":[{"node":{"id":"3","name":"Gloves","grand_child":[{"id":4,"is_active":true,"name":"Blue Gloves"},{"id":66,"is_active":true,"name":"White Gloves"},{"id":69,"is_active":true,"name":"Red Gloves"},{"id":72,"is_active":true,"name":"Yellow Gloves"}]}},{"node":{"id":"17","name":"Cold chain equipment","grand_child":[{"id":18,"is_active":true,"name":"Vaccine carrier box"},{"id":19,"is_active":true,"name":"Cold box"},{"id":20,"is_active":true,"name":"Ice Box"},{"id":74,"is_active":true,"name":"Hot Box"}]}},{"node":{"id":"26","name":"Surgical  Instruments","grand_child":[{"id":27,"is_active":true,"name":"Forceps"},{"id":28,"is_active":true,"name":"Scissors"},{"id":29,"is_active":true,"name":"Scalpel Handle"},{"id":30,"is_active":true,"name":"Skin Hooks"},{"id":31,"is_active":true,"name":"Snares"}]}},{"node":{"id":"21","name":"Medical Disposable","grand_child":[{"id":22,"is_active":true,"name":"General Surgery & Oncology"},{"id":23,"is_active":true,"name":"Transfusion"},{"id":24,"is_active":true,"name":"Urology"},{"id":25,"is_active":true,"name":"Cardiac Care"}]}},{"node":{"id":"78","name":"Medical Testing Products","grand_child":[{"id":79,"is_active":true,"name":"Medical Testing Sub Category"},{"id":81,"is_active":true,"name":"Medical-02"},{"id":82,"is_active":true,"name":"Medical-04"}]}},{"node":{"id":"32","name":"Anaesthesia Equipments & Products","grand_child":[{"id":33,"is_active":true,"name":"Artificial Resuscitator"},{"id":34,"is_active":true,"name":"Laryngoscope Set"},{"id":35,"is_active":true,"name":"Mouth Opener"},{"id":36,"is_active":true,"name":"Anesthesia Machine"},{"id":37,"is_active":true,"name":"Rebreathing Bags"}]}}]},"site":{"siteMetadata":{"title":"Gatsby Default Starter"}}}}