{"polyfill":["/polyfill-57e2ed6bd0dea3974690.js"],"app":["/app-85a957e48400ecef5225.js"],"component---src-pages-404-js":["/component---src-pages-404-js-db7ed449db60fbc0c1d9.js"],"component---src-pages-about-us-js":["/component---src-pages-about-us-js-52ef369de781d1743fcd.js"],"component---src-pages-address-js":["/component---src-pages-address-js-4316fa5a22ed2a9891e0.js"],"component---src-pages-addreview-js":["/component---src-pages-addreview-js-7d01747b403de75a2897.js"],"component---src-pages-best-selling-js":["/component---src-pages-best-selling-js-253c5799937fdc9dc64f.js"],"component---src-pages-branded-products-js":["/component---src-pages-branded-products-js-5fb1bbf89b734e22ef93.js"],"component---src-pages-bulk-order-js":["/component---src-pages-bulk-order-js-597ef4e93abfde1b597a.js"],"component---src-pages-cart-js":["/component---src-pages-cart-js-e13df415f421af533d99.js"],"component---src-pages-change-password-js":["/component---src-pages-change-password-js-343364f574311112f452.js"],"component---src-pages-checkout-js":["/component---src-pages-checkout-js-f907b9effeaa059169d3.js"],"component---src-pages-compare-list-js":["/component---src-pages-compare-list-js-35b62a5f0eafba3bec65.js"],"component---src-pages-contact-js":["/component---src-pages-contact-js-b3c953a029bf64b75634.js"],"component---src-pages-customerbase-discount-js":["/component---src-pages-customerbase-discount-js-4271e60d5f62a826a079.js"],"component---src-pages-deal-products-js":["/component---src-pages-deal-products-js-f662e4fa40561e448548.js"],"component---src-pages-discount-products-js":["/component---src-pages-discount-products-js-bf22be646db2830bd193.js"],"component---src-pages-featured-products-js":["/component---src-pages-featured-products-js-694d55fa87d86dafcbbb.js"],"component---src-pages-filter-brands-js":["/component---src-pages-filter-brands-js-8e542ffcd5fe30d75b22.js"],"component---src-pages-forgot-form-js":["/component---src-pages-forgot-form-js-841ae96f3bbfe6babf53.js"],"component---src-pages-help-js":["/component---src-pages-help-js-3b868310e68dc541b133.js"],"component---src-pages-hot-deals-js":["/component---src-pages-hot-deals-js-e5be9f31f55b03c6417d.js"],"component---src-pages-index-js":["/component---src-pages-index-js-5b4eb6557eebcd630f5b.js"],"component---src-pages-invoicedetails-js":["/component---src-pages-invoicedetails-js-78f07942a0dc0712d4c1.js"],"component---src-pages-main-category-js":["/component---src-pages-main-category-js-a2c7d8cd5d5bf82c97e5.js"],"component---src-pages-manage-user-js":["/component---src-pages-manage-user-js-f6d5d8ac4039eafa4cc8.js"],"component---src-pages-mostpopular-js":["/component---src-pages-mostpopular-js-3bec5aebf87cef833e28.js"],"component---src-pages-my-address-js":["/component---src-pages-my-address-js-044a598663ac6c6f321f.js"],"component---src-pages-my-reviews-js":["/component---src-pages-my-reviews-js-7d8f447f9797c43aba53.js"],"component---src-pages-myquotes-js":["/component---src-pages-myquotes-js-f8cd18c65c1065408c2d.js"],"component---src-pages-myquotesedit-js":["/component---src-pages-myquotesedit-js-6b0591c6692ad6fd025a.js"],"component---src-pages-orders-js":["/component---src-pages-orders-js-977920f8dbce5d839362.js"],"component---src-pages-orderstatus-js":["/component---src-pages-orderstatus-js-af9e0ef8cd6cd4507e55.js"],"component---src-pages-payment-success-js":["/component---src-pages-payment-success-js-3a6aa7f751e2d88a689a.js"],"component---src-pages-pdfdownload-js":["/component---src-pages-pdfdownload-js-79e6e5be874288e21be9.js"],"component---src-pages-privacy-policy-js":["/component---src-pages-privacy-policy-js-a1b8737ebe335917b653.js"],"component---src-pages-productdetail-js":["/component---src-pages-productdetail-js-8b85a5520d3c38fdc853.js"],"component---src-pages-productlist-js":["/component---src-pages-productlist-js-8b73e4505784b821eb51.js"],"component---src-pages-products-js":["/component---src-pages-products-js-17b54fe47c0c7b1fe05e.js"],"component---src-pages-profile-js":["/component---src-pages-profile-js-2d6be8c67bf345f1ecd9.js"],"component---src-pages-reset-js":["/component---src-pages-reset-js-61fca012e39d9ebdf1e4.js"],"component---src-pages-search-js":["/component---src-pages-search-js-95bbcb2042255bbdbe61.js"],"component---src-pages-sellerreview-js":["/component---src-pages-sellerreview-js-f5c20412ba80312338bf.js"],"component---src-pages-setting-js":["/component---src-pages-setting-js-55d89f04ac1b999726bc.js"],"component---src-pages-signin-js":["/component---src-pages-signin-js-80868a84b670b3153ef5.js"],"component---src-pages-signup-js":["/component---src-pages-signup-js-cd0f4fbc603f1b2d1ff5.js"],"component---src-pages-sourceproductlist-js":["/component---src-pages-sourceproductlist-js-c68fced47c728a15be64.js"],"component---src-pages-terms-conditions-js":["/component---src-pages-terms-conditions-js-fb42c0cb9c8b5e28e8da.js"],"component---src-pages-tracking-js":["/component---src-pages-tracking-js-6d022dbe51c000b9d680.js"],"component---src-pages-trending-products-js":["/component---src-pages-trending-products-js-ab56f0f625fdc55fdd17.js"],"component---src-pages-user-manage-js":["/component---src-pages-user-manage-js-3045b1ba0e0338136376.js"],"component---src-pages-using-typescript-tsx":["/component---src-pages-using-typescript-tsx-0a68cdebcc2175e6b580.js"],"component---src-pages-wishlist-js":["/component---src-pages-wishlist-js-1db0bb371fc86c113087.js"],"component---src-templates-category-js":["/component---src-templates-category-js-462f75f70ab9a4eb285b.js"],"component---src-templates-products-js":["/component---src-templates-products-js-8aeb84f25c8b52b773d5.js"]}